{
	"format_version": "1.8.0",
	"animations": {
		"walk": {
			"loop": true,
			"animation_length": 1.5,
			"bones": {
				"root": {
					"rotation": {
						"0.0": [0, 0, 0],
						"0.25": [0, 0, 5],
						"0.5": [0, 0, 0],
						"0.75": [0, 0, 0],
						"1.0": [0, 0, -5],
						"1.25": [0, 0, 0]
					}
				},
				"left_foot": {
					"rotation": {
						"0.0": [0, 0, 0],
						"0.25": [27.5, 0, 0],
						"0.5": [66.25, 0, 0],
						"0.75": [0, 0, 0],
						"1.0": [-42.5, 0, 0],
						"1.25": [0, 0, 0],
						"1.5": [0, 0, 0]
					},
					"position": {
						"0.0": [0, 0, 0],
						"0.25": [0, 0, 1],
						"0.5": [0, 1, 0.5],
						"0.75": [0, 0, 0],
						"1.0": [0, 1, -1],
						"1.25": [0, 0, -2],
						"1.5": [0, 0, 0]
					}
				},
				"right_foot": {
					"rotation": {
						"0.0": [0, 0, 0],
						"0.25": [-42.5, 0, 0],
						"0.5": [0, 0, 0],
						"0.75": [0, 0, 0],
						"1.0": [27.5, 0, 0],
						"1.25": [66.25, 0, 0],
						"1.5": [0, 0, 0]
					},
					"position": {
						"0.0": [0, 0, 0],
						"0.25": [0, 1, -1],
						"0.5": [0, 0, -2],
						"0.75": [0, 0, 0],
						"1.0": [0, 0, 1],
						"1.25": [0, 1, 0.5],
						"1.5": [0, 0, 0]
					}
				},
				"head": {
					"rotation": {
						"0.0": [0, 0, 0],
						"0.3333": [0, 0, 5],
						"0.75": [0, 0, 0],
						"1.0833": [0, 0, -5],
						"1.5": [0, 0, 0]
					}
				}
			}
		},
		"squish": {
			"loop": true,
			"animation_length": 2.5,
			"bones": {
				"root": {
					"scale": {
						"0.0": [1, 1, 1],
						"0.125": [1.3, 0.3, 1.3],
						"0.2083": [1.1, 0.3, 1.1]
					}
				}
			}
		},
		"fly": {
			"loop": true,
			"animation_length": 1,
			"bones": {
				"root": {
					"rotation": [10, 0, 0]
				},
				"left_foot": {
					"rotation": [69.42361, -9.30727, -23.30696],
					"position": [0, -1, -2]
				},
				"right_foot": {
					"rotation": [69.42361, 9.30727, 23.30696],
					"position": [0, -1, -2]
				},
				"left_wing": {
					"rotation": {
						"0.0": [0, 0, 0],
						"0.5": [0, 0, 115],
						"1.0": [0, 0, 0]
					}
				},
				"right_wing": {
					"rotation": {
						"0.0": [0, 0, 0],
						"0.5": [0, 0, -112.5],
						"1.0": [0, 0, 0]
					}
				}
			}
		},
		"sit": {
			"loop": "false",
			"animation_length": 0.33333,
			"bones": {
				"root": {
					"position": {
						"0.0": [0, 0, 0],
						"0.0833": [0, 1.2, 0],
						"0.2083": [0, -2, 0]
					}
				},
				"left_foot": {
					"rotation": {
						"0.0": [0, 0, 0],
						"0.2083": [-67.5, 0, 0],
						"0.3333": [-55, 0, 0]
					},
					"position": {
						"0.0": [0, 0, 0],
						"0.125": [0, 0, -2],
						"0.2083": [0, 2, -2]
					}
				},
				"right_foot": {
					"rotation": {
						"0.0": [0, 0, 0],
						"0.2083": [-67.5, 0, 0],
						"0.3333": [-55, 0, 0]
					},
					"position": {
						"0.0": [0, 0, 0],
						"0.125": [0, 0, -2],
						"0.2083": [0, 2, -2]
					}
				}
			}
		},
		"sitting": {
			"loop": true,
			"animation_length": 0.04167,
			"bones": {
				"root": {
					"position": [0, -2, 0]
				},
				"left_foot": {
					"rotation": [-55, 0, 0],
					"position": [0, 2, -2]
				},
				"right_foot": {
					"rotation": [-55, 0, 0],
					"position": [0, 2, -2]
				}
			}
		}
	}
}