{
	"format_version": "1.8.0",
	"animations": {
		"throw": {
			"loop": true,
			"animation_length": 0.58333,
			"bones": {
				"bb_main": {
					"rotation": {
						"0.1667": [0, 0, 0],
						"0.375": [10, 0, 0],
						"0.5417": [0, 0, 0]
					}
				},
				"l_arm": {
					"rotation": {
						"0.0": [-213.65181, 23.03568, 67.94729],
						"0.3333": [-48.56862, -29.91193, 13.74471],
						"0.5833": [0, 0, 0]
					},
					"position": {
						"0.0": [0, 0, 0],
						"0.3333": [0, 0, -4],
						"0.4167": [0, 0, 0]
					}
				},
				"r_arm": {
					"rotation": {
						"0.0": [-213.65181, -23.03568, -67.94729],
						"0.3333": [-48.56862, 29.91193, -13.74471],
						"0.5833": [0, 0, 0]
					},
					"position": {
						"0.0": [0, 0, 0],
						"0.3333": [0, 0, -4],
						"0.4167": [0, 0, 0]
					}
				}
			}
		},
		"summon": {
			"loop": true,
			"animation_length": 0.5,
			"bones": {
				"bb_main": {
					"position": {
						"0.0": [0, 0, 0],
						"0.25": [0, -1, 0],
						"0.5": [0, 0, 0]
					}
				},
				"l_arm": {
					"rotation": [-62.5, 0, -30],
					"position": [0, 0, -2]
				}
			}
		},
		"laugh": {
			"loop": true,
			"animation_length": 1.16667,
			"bones": {
				"bb_main": {
					"rotation": {
						"0.0": [7.5, 0, 0],
						"0.375": [-5, 0, 0],
						"0.5": [-2.5, 0, 0],
						"0.625": [-5, 0, 0],
						"0.75": [-2.5, 0, 0],
						"0.875": [-5, 0, 0],
						"1.1667": [7.5, 0, 0]
					}
				},
				"l_arm": {
					"rotation": {
						"0.0": [-12.5, 0, 0],
						"0.4583": [2, 0, 0],
						"0.9583": [2, 0, 0],
						"1.1667": [-12.5, 0, 0]
					},
					"position": {
						"0.0": [0, 0, 0],
						"0.6667": [0, 0, 2],
						"1.0833": [0, 0, 0]
					}
				},
				"r_arm": {
					"rotation": [-74.85629, -34.05444, -8.61775],
					"position": [-2, 0, -4]
				}
			}
		}
	},
	"geckolib_format_version": 2
}